iter	Passed	Remaining
0	903	2257377
1	1911	2388019
2	3038	2529305
3	4331	2703054
4	4565	2278140
5	4803	1996512
6	5990	2133422
7	6749	2102612
8	7719	2136483
9	9035	2249933
10	10069	2278343
11	11469	2378074
12	12548	2400565
13	13591	2413497
14	14674	2431021
15	15591	2420569
16	16451	2402860
17	17611	2428493
18	18703	2442220
19	20064	2487987
20	20969	2475456
21	21631	2436462
22	21962	2365312
23	22678	2339715
24	23061	2283119
25	24131	2296236
26	24472	2241513
27	25249	2229182
28	26000	2215394
29	26660	2195062
30	28023	2231963
31	28622	2207533
32	29816	2228987
33	31014	2249492
34	32052	2257377
35	33214	2273377
36	33814	2250973
37	34040	2205456
38	35180	2220004
39	36291	2231937
40	36898	2213009
41	37313	2183714
42	38808	2217508
43	39782	2220603
44	41377	2257361
45	42504	2267544
46	42811	2234370
47	44107	2253146
48	45064	2254158
49	46493	2278166
50	47104	2261924
51	47986	2259068
52	48854	2255600
53	49894	2260029
54	51102	2271751
55	51737	2257984
56	52705	2258943
57	53978	2272663
58	55033	2276887
59	55276	2247901
60	56525	2260081
61	57711	2269354
62	58846	2276342
63	60106	2287793
64	61083	2288281
65	62203	2293981
66	62466	2268389
67	62674	2241547
68	63664	2243022
69	64918	2253605
70	65529	2241855
71	66560	2244552
72	67855	2255955
73	68654	2250737
74	68882	2227212
75	69540	2217970
76	70869	2230088
77	71981	2235126
78	73363	2248255
79	74280	2246973
80	75551	2256273
81	76595	2258641
82	77795	2265436
83	78657	2262343
84	79626	2262335
85	81050	2275072
86	82042	2275497
87	82454	2259996
88	83915	2273269
89	84361	2259016
90	84594	2239422
91	85475	2237229
92	86386	2235838
93	87377	2236488
94	88662	2244560
95	89570	2242990
96	90004	2229705
97	91347	2238945
98	92020	2231731
99	92826	2227826
100	94067	2234330
101	94410	2219578
102	95414	2220462
103	96900	2232439
104	97796	2230683
105	98913	2233942
106	100233	2241667
107	100468	2225195
108	101257	2221168
109	101310	2201209
110	101923	2193659
111	102238	2179860
112	103161	2179170
113	103765	2171794
114	105101	2179711
115	106091	2180364
116	107326	2185971
117	108008	2180305
118	108930	2179523
119	110301	2187655
120	111171	2185752
121	112355	2190015
122	112688	2177720
123	113000	2165226
124	113626	2158904
125	114071	2149246
126	114292	2135564
127	115560	2141473
128	116231	2136308
129	117216	2136939
130	118637	2145443
131	119628	2146061
132	120131	2137983
133	121422	2143925
134	122097	2138974
135	122551	2130240
136	124069	2139964
137	125123	2141599
138	126601	2150400
139	127465	2148708
140	128846	2155672
141	129356	2148042
142	130411	2149512
143	131801	2156417
144	132817	2157143
145	134169	2163249
146	134481	2152618
147	134693	2140534
148	135668	2140642
149	136314	2135590
150	137579	2140228
151	138705	2142636
152	139998	2147563
153	140782	2144650
154	142085	2149621
155	143082	2149905
156	144422	2155299
157	144792	2146228
158	145981	2149323
159	147226	2153194
160	148318	2154767
161	149626	2159427
162	150773	2161708
163	151827	2162609
164	152454	2157458
165	153612	2159822
166	154873	2163585
167	156076	2166494
168	157189	2168103
169	157593	2159963
170	157909	2150712
171	158567	2146186
172	159248	2142032
173	160640	2147416
174	161688	2148153
175	162119	2140713
176	163351	2143869
177	163970	2138981
178	164388	2131537
179	164819	2124338
180	166218	2129616
181	167273	2130434
182	167512	2120915
183	168866	2125514
184	169931	2126439
185	170445	2120489
186	170847	2113209
187	172101	2116484
188	173175	2117507
189	173612	2110756
190	174405	2108384
191	175332	2107638
192	175559	2098525
193	176900	2102746
194	177811	2101826
195	178451	2097720
196	179867	2102710
197	179921	2091811
198	180698	2089386
199	181892	2091761
200	181997	2081650
201	182916	2080902
202	183538	2076786
203	184900	2081041
204	185332	2074814
205	185589	2066708
206	185823	2058417
207	185872	2048176
208	186639	2045892
209	187713	2046971
210	187762	2036916
211	188781	2037419
212	189486	2034530
213	190090	2030596
214	190504	2024663
215	190554	2014935
216	190774	2007089
217	191990	2009740
218	193269	2013000
219	194181	2012421
220	194241	2003055
221	195554	2006638
222	196598	2007416
223	196844	2000078
224	198233	2004358
225	199100	2003338
226	200281	2005457
227	201455	2007484
228	202309	2006310
229	203166	2005160
230	203485	1998736
231	204151	1995755
232	204375	1988493
233	205495	1989968
234	206161	1987043
235	206460	1980621
236	207432	1980671
237	207954	1976444
238	208824	1975535
239	209764	1975281
240	211065	1978410
241	212153	1979510
242	213207	1980287
243	214080	1979366
244	214505	1974325
245	215569	1975172
246	216996	1979324
247	217674	1976627
248	218292	1973401
249	219215	1972942
250	220109	1972217
251	220927	1970815
252	221275	1965239
253	221587	1959390
254	222732	1960922
255	223159	1956131
256	224639	1960570
257	225799	1962182
258	227005	1964167
259	227074	1956329
260	227138	1948515
261	228330	1950392
262	228563	1944094
263	229867	1946909
264	230199	1941490
265	230629	1936942
266	231722	1937964
267	233241	1942519
268	234351	1943638
269	235100	1941755
270	235863	1939996
271	236260	1935251
272	237379	1936428
273	238687	1939122
274	239629	1938822
275	241115	1942899
276	241518	1938248
277	242520	1938415
278	243501	1938413
279	244165	1935882
280	245285	1936968
281	246517	1938918
282	247531	1939142
283	248567	1939526
284	249261	1937241
285	249501	1931456
286	250616	1932457
287	251432	1931141
288	252398	1930982
289	252810	1926592
290	254289	1930331
291	255231	1929969
292	255285	1922916
293	256841	1927187
294	257508	1924763
295	257928	1920523
296	259125	1922067
297	259452	1917165
298	259524	1910411
299	259942	1906246
300	260560	1903561
301	261962	1906599
302	263059	1907400
303	263113	1900651
304	263944	1899535
305	264782	1898472
306	265895	1899378
307	267182	1901504
308	268213	1901800
309	269315	1902582
310	269653	1897976
311	270722	1898525
312	271368	1896109
313	272849	1899519
314	273779	1899076
315	273833	1892573
316	275155	1894841
317	276303	1895893
318	277485	1897162
319	277568	1890933
320	278664	1891616
321	279760	1892294
322	280332	1889422
323	281623	1891395
324	282060	1887638
325	282111	1881317
326	282766	1879060
327	283869	1879770
328	284661	1878419
329	284939	1873692
330	286342	1876367
331	286767	1872623
332	287927	1873690
333	288938	1873772
334	289993	1874140
335	291225	1875630
336	292238	1875702
337	293446	1877016
338	294651	1878293
339	295461	1877046
340	296782	1879044
341	297799	1879095
342	299354	1882527
343	299617	1877834
344	300615	1877757
345	300669	1871799
346	300919	1867087
347	301354	1863547
348	302548	1864703
349	303159	1862262
350	303866	1860423
351	304890	1860522
352	305898	1860524
353	307294	1862861
354	307902	1860427
355	309084	1861450
356	310380	1863152
357	311446	1863457
358	313002	1866679
359	314128	1867318
360	314783	1865155
361	315329	1862359
362	315378	1856652
363	316335	1856297
364	317760	1858678
365	318433	1856658
366	319494	1856901
367	319568	1851412
368	319648	1845991
369	320564	1845413
370	320624	1839916
371	321476	1838983
372	322690	1840112
373	323918	1841311
374	324561	1839184
375	325212	1837106
376	326410	1838113
377	327341	1837618
378	328095	1836124
379	329064	1835835
380	330098	1835901
381	331272	1836743
382	331843	1834238
383	332988	1834905
384	333932	1834461
385	334364	1831207
386	335514	1831891
387	335599	1826769
388	336826	1827870
389	337830	1827752
390	339207	1829640
391	340221	1829557
392	340537	1825729
393	341449	1825109
394	342523	1825345
395	342760	1821132
396	344163	1823112
397	345283	1823583
398	346711	1825663
399	347684	1825342
400	348529	1824350
401	349257	1822743
402	349822	1820293
403	350859	1820299
404	352254	1822154
405	352564	1818396
406	353697	1818891
407	355100	1820757
408	356238	1821260
409	356686	1818231
410	358098	1820115
411	359139	1820107
412	360492	1821665
413	361183	1819875
414	362286	1820163
415	363616	1821578
416	363839	1817452
417	364861	1817324
418	366173	1818633
419	367164	1818338
420	368581	1820146
421	369534	1819650
422	370800	1820690
423	371157	1817273
424	371387	1813244
425	371617	1809234
426	372671	1809248
427	374149	1811302
428	375105	1810823
429	376544	1812668
430	377504	1812195
431	378862	1813630
432	379891	1813478
433	381075	1814061
434	382282	1814744
435	383379	1814895
436	384106	1813299
437	385158	1813236
438	386048	1812405
439	386770	1810787
440	387494	1809187
441	388611	1809418
442	389989	1810853
443	391038	1810755
444	392495	1812535
445	393560	1812497
446	394148	1810261
447	395399	1811071
448	396454	1810977
449	397194	1809441
450	398354	1809816
451	399012	1807914
452	400430	1809450
453	401511	1809456
454	402055	1807042
455	403365	1808069
456	404514	1808365
457	405880	1809623
458	406948	1809545
459	408361	1810996
460	409367	1810630
461	410969	1812889
462	412011	1812671
463	413377	1813873
464	414464	1813837
465	415946	1815527
466	417031	1815472
467	418297	1816195
468	419421	1816300
469	420905	1817953
470	422129	1818473
471	423286	1818696
472	424604	1819607
473	425662	1819393
474	427129	1820921
475	428171	1820626
476	429717	1822472
477	430770	1822212
478	432272	1823848
479	433266	1823329
480	434700	1824658
481	435727	1824271
482	437127	1825435
483	438229	1825353
484	439602	1826388
485	440853	1826912
486	442169	1827695
487	443338	1827863
488	444493	1827969
489	445748	1828478
490	446789	1828106
491	448276	1829552
492	449294	1829074
493	450591	1829727
494	451699	1829609
495	452986	1830212
496	454203	1830523
497	455546	1831333
498	456766	1831641
499	458000	1832001
500	459280	1832539
501	460430	1832550
502	461747	1833219
503	462883	1833165
504	464151	1833628
505	465131	1832948
506	466533	1833928
507	467558	1833417
508	468947	1834330
509	470015	1833982
510	471366	1834730
511	472585	1834961
512	473903	1835566
513	475245	1836261
514	476514	1836663
515	477693	1836712
516	478802	1836488
517	480174	1837269
518	481225	1836817
519	482641	1837751
520	483675	1837225
521	485062	1838035
522	486236	1838028
523	487506	1838382
524	488697	1838433
525	489938	1838666
526	491298	1839338
527	492478	1839331
528	493759	1839699
529	494896	1839519
530	496346	1840499
531	497387	1839961
532	498899	1841154
533	499941	1840607
534	501392	1841564
535	502490	1841215
536	503932	1842121
537	504973	1841557
538	506381	1842326
539	507406	1841696
540	508688	1841999
541	509889	1842000
542	511197	1842381
543	512437	1842513
544	513555	1842203
545	515068	1843302
546	516108	1842704
547	517539	1843499
548	518546	1842778
549	519929	1843384
550	520972	1842784
551	522321	1843265
552	523506	1843160
553	524852	1843616
554	525995	1843353
555	527351	1843834
556	528458	1843438
557	529563	1843032
558	530892	1843404
559	531820	1842376
560	533267	1843146
561	534309	1842510
562	535887	1843718
563	537026	1843411
564	538393	1843878
565	539540	1843587
566	540969	1844256
567	542105	1843921
568	543456	1844314
569	544666	1844222
570	545693	1843506
571	546987	1843691
572	548123	1843340
573	549499	1843791
574	550604	1843328
575	551974	1843749
576	553031	1843120
577	554449	1843688
578	555546	1843186
579	556692	1842844
580	557910	1842738
581	559044	1842349
582	560374	1842605
583	561509	1842211
584	563001	1842986
585	564193	1842774
586	565555	1843114
587	566563	1842294
588	567987	1842824
589	569048	1842173
590	570477	1842709
591	571427	1841695
592	572721	1841787
593	573899	1841502
594	575098	1841282
595	576451	1841550
596	577522	1840914
597	578879	1841185
598	579925	1840465
599	581398	1841094
600	582462	1840426
601	583919	1840996
602	584995	1840359
603	586445	1840895
604	587340	1839687
605	588735	1840041
606	589879	1839607
607	591066	1839304
608	592235	1838944
609	593394	1838549
610	594653	1838461
611	595730	1837809
612	597361	1838858
613	598440	1838205
614	599770	1838320
615	600890	1837787
616	602360	1838321
617	603550	1837997
618	605002	1838465
619	606078	1837787
620	607375	1837775
621	608537	1837351
622	609715	1836974
623	610875	1836543
624	611942	1835828
625	613364	1836174
626	614361	1835246
627	615796	1835622
628	616841	1834834
629	618177	1834906
630	619257	1834218
631	620674	1834525
632	621862	1834150
633	623063	1833812
634	624370	1833782
635	625463	1833119
636	626800	1833168
637	627849	1832374
638	629337	1832860
639	630363	1831993
640	631905	1832624
641	632926	1831741
642	634494	1832435
643	635492	1831480
644	636974	1831919
645	638103	1831336
646	639357	1831111
647	640531	1830653
648	641686	1830141
649	642914	1829833
650	643965	1829019
651	645413	1829330
652	646493	1828596
653	647898	1828776
654	648926	1827893
655	650477	1828475
656	651537	1827677
657	653027	1828080
658	653980	1826977
659	655310	1826925
660	656441	1826316
661	657826	1826412
662	658973	1825844
663	660307	1825788
664	661583	1825571
665	662738	1825019
666	664095	1825017
667	665268	1824509
668	666644	1824552
669	667704	1823730
670	669256	1824248
671	670273	1823303
672	671691	1823448
673	672774	1822680
674	674093	1822549
675	675173	1821768
676	676381	1821335
677	677604	1820936
678	678654	1820074
679	680035	1820095
680	681018	1819048
681	682583	1819555
682	683636	1818694
683	685097	1818914
684	686160	1818075
685	687528	1818042
686	688650	1817356
687	689976	1817206
688	691191	1816759
689	692439	1816398
690	693609	1815830
691	694658	1814947
692	695910	1814589
693	696977	1813749
694	698561	1814249
695	699582	1813286
696	701066	1813517
697	702070	1812507
698	703363	1812243
699	704560	1811726
700	705945	1811691
701	707138	1811160
702	708360	1810701
703	709577	1810228
704	710677	1809455
705	712038	1809344
706	713159	1808620
707	714609	1808729
708	715673	1807859
709	717247	1808272
710	718283	1807326
711	719884	1807799
712	720931	1806878
713	722566	1807427
714	723718	1806764
715	725159	1806821
716	726214	1805914
717	727565	1805740
718	728630	1804855
719	730064	1804880
720	731175	1804108
721	732558	1804001
722	733711	1803326
723	735064	1803141
724	736218	1802465
725	737531	1802177
726	738763	1801688
727	740018	1801253
728	741255	1800773
729	742382	1800022
730	743752	1799861
731	744857	1799054
732	746312	1799092
733	747311	1798026
734	748772	1798071
735	749798	1797072
736	751202	1796973
737	752327	1796206
738	753563	1795703
739	754765	1795117
740	755949	1794487
741	757165	1793931
742	758143	1792809
743	759665	1792973
744	760763	1792133
745	762105	1791867
746	763140	1790877
747	764606	1790896
748	765709	1790062
749	767053	1789791
750	768192	1789039
751	769681	1789100
752	770808	1788315
753	772189	1788121
754	773379	1787480
755	774688	1787111
756	775889	1786493
757	777194	1786112
758	778431	1785572
759	779609	1784895
760	780974	1784644
761	782151	1783961
762	783559	1783805
763	784703	1783044
764	786107	1782871
765	787218	1782033
766	788549	1781690
767	789567	1780639
768	791006	1780536
769	792059	1779562
770	793605	1779694
771	794616	1778624
772	796142	1778703
773	797237	1777818
774	798348	1776969
775	799645	1776531
776	800677	1775504
777	802093	1775326
778	803192	1774446
779	804570	1774180
780	805632	1773217
781	807131	1773212
782	808197	1772254
783	809700	1772253
784	810692	1771130
785	811986	1770667
786	813113	1769838
787	814539	1769660
788	815621	1768729
789	816762	1767928
790	818075	1767497
791	819287	1766847
792	820638	1766494
793	821669	1765451
794	823093	1765250
795	824130	1764218
796	825596	1764103
797	826637	1763078
798	828082	1762913
799	829188	1762026
800	830584	1761752
801	831800	1761093
802	833036	1760477
803	834255	1759821
804	835433	1759080
805	836790	1758713
806	837838	1757696
807	839271	1757483
808	840342	1756514
809	841911	1756580
810	842963	1755567
811	844407	1755368
812	845490	1754418
813	847031	1754415
814	848122	1753479
815	849471	1753076
816	850608	1752232
817	852060	1752036
818	853130	1751051
819	854553	1750793
820	855678	1749920
821	857093	1749637
822	858261	1748851
823	859451	1748107
824	860756	1747595
825	861891	1746739
826	863295	1746425
827	864340	1745383
828	865840	1745259
829	866897	1744240
830	868363	1744041
831	869441	1743063
832	870891	1742829
833	871907	1741724
834	873349	1741468
835	874468	1740568
836	875927	1740344
837	877048	1739444
838	878459	1739119
839	879636	1738329
840	880939	1737786
841	882166	1737092
842	883481	1736569
843	884770	1735994
844	885946	1735196
845	887331	1734806
846	888512	1734016
847	889936	1733697
848	891015	1732705
849	892578	1732653
850	893611	1731568
851	895098	1731364
852	896171	1730356
853	897623	1730079
854	898718	1729113
855	900191	1728873
856	901267	1727868
857	902655	1727458
858	903827	1726636
859	905116	1726036
860	906096	1724846
861	907244	1723975
862	908484	1723277
863	909652	1722444
864	911036	1722017
865	912082	1720950
866	913638	1720844
867	914676	1719761
868	916253	1719689
869	917265	1718554
870	918640	1718100
871	919711	1717075
872	921237	1716899
873	922342	1715937
874	923737	1715511
875	924822	1714510
876	925955	1713598
877	927285	1713049
878	928456	1712205
879	929890	1711844
880	931074	1711020
881	932537	1710708
882	933584	1709632
883	935039	1709303
884	936109	1708268
885	937609	1708014
886	938685	1706989
887	940219	1706795
888	941271	1705724
889	942711	1705354
890	943825	1704394
891	945316	1704114
892	946400	1703097
893	947781	1702613
894	948927	1701707
895	950281	1701173
896	951533	1700455
897	952739	1699653
898	954038	1699016
899	955220	1698170
900	956584	1697644
901	957691	1696664
902	959248	1696478
903	960296	1695391
904	961716	1694958
905	962774	1693887
906	964136	1693350
907	965269	1692410
908	966658	1691918
909	967750	1690904
910	969000	1690165
911	970291	1689498
912	971478	1688649
913	972720	1687893
914	973865	1686968
915	975276	1686504
916	976372	1685494
917	977906	1685237
918	979018	1684253
919	980517	1683931
920	981584	1682868
921	983121	1682610
922	984185	1681538
923	985719	1681270
924	986838	1680291
925	988409	1680082
926	989507	1679067
927	990918	1678582
928	991979	1677501
929	993315	1676888
930	994428	1675894
931	995686	1675146
932	996955	1674415
933	998229	1673690
934	999459	1672892
935	1000665	1672052
936	1001962	1671364
937	1003046	1670317
938	1004497	1669883
939	1005555	1668793
940	1007104	1668518
941	1008056	1667252
942	1009545	1666873
943	1010636	1665838
944	1012256	1665670
945	1013285	1664530
946	1014824	1664226
947	1015942	1663230
948	1017487	1662932
949	1018578	1661891
950	1020121	1661585
951	1021190	1660506
952	1022643	1660051
953	1023756	1659042
954	1025116	1658434
955	1026293	1657528
956	1027675	1656951
957	1028863	1656061
958	1030199	1655409
959	1031362	1654476
960	1032676	1653786
961	1034464	1653853
962	1035897	1653348
963	1037088	1652456
964	1038226	1651479
965	1039655	1650964
966	1040930	1650203
967	1042230	1649480
968	1043460	1648645
969	1044843	1648051
970	1045935	1646998
971	1047303	1646378
972	1048374	1645291
973	1049845	1644830
974	1050887	1643695
975	1052444	1643366
976	1053569	1642361
977	1055115	1642009
978	1056209	1640954
979	1057739	1640575
980	1058858	1639557
981	1060326	1639079
982	1061449	1638066
983	1062929	1637602
984	1064023	1636543
985	1065605	1636233
986	1066726	1635215
987	1068180	1634705
988	1069258	1633619
989	1070858	1633330
990	1071935	1632240
991	1073496	1631888
992	1074558	1630775
993	1076102	1630392
994	1077237	1629388
995	1078854	1629114
996	1080057	1628210
997	1081613	1627839
998	1082749	1626834
999	1084271	1626407
1000	1085292	1625228
1001	1086681	1624599
1002	1087847	1623637
1003	1089225	1622988
1004	1090444	1622104
1005	1091760	1621362
1006	1092997	1620502
1007	1094488	1620016
1008	1095634	1619019
1009	1097057	1618432
1010	1098267	1617527
1011	1099747	1617020
1012	1100893	1616020
1013	1102420	1615579
1014	1103560	1614569
1015	1104898	1613847
1016	1105952	1612710
1017	1107391	1612136
1018	1108522	1611110
1019	1109783	1610274
1020	1110893	1609218
1021	1112138	1608357
1022	1113499	1607663
1023	1114650	1606664
1024	1116043	1606014
1025	1117152	1604953
1026	1118661	1604467
1027	1119742	1603366
1028	1121234	1602853
1029	1122324	1601764
1030	1123695	1601075
1031	1124718	1599889
1032	1126059	1599157
1033	1127174	1598101
1034	1128540	1597402
1035	1129761	1596496
1036	1131039	1595670
1037	1132266	1594772
1038	1133529	1593923
1039	1134810	1593098
1040	1135946	1592070
1041	1137418	1591512
1042	1138446	1590332
1043	1139853	1589681
1044	1140896	1588520
1045	1142278	1587832
1046	1143271	1586603
1047	1144710	1585991
1048	1145887	1585016
1049	1147222	1584259
1050	1148578	1583530
1051	1149709	1582489
1052	1151068	1581763
1053	1152322	1580890
1054	1153577	1580018
1055	1154811	1579117
1056	1156248	1578492
1057	1157354	1577414
1058	1158710	1576678
1059	1159863	1575663
1060	1161287	1575016
1061	1162378	1573917
1062	1163948	1573465
1063	1164993	1572303
1064	1166378	1571599
1065	1167444	1570465
1066	1168988	1569972
1067	1170029	1568804
1068	1171350	1568009
1069	1172477	1566955
1070	1173888	1566280
1071	1175005	1565212
1072	1176274	1564346
1073	1177527	1563458
1074	1178597	1562327
1075	1179943	1561560
1076	1181013	1560428
1077	1182572	1559942
1078	1183655	1558826
1079	1185102	1558189
1080	1186184	1557072
1081	1187498	1556259
1082	1188653	1555237
1083	1189965	1554420
1084	1191057	1553314
1085	1192592	1552786
1086	1193796	1551825
1087	1195083	1550972
1088	1196264	1549980
1089	1197627	1549224
1090	1198805	1548228
1091	1199992	1547242
1092	1201380	1546516
1093	1202626	1545606
1094	1203923	1544760
1095	1205071	1543722
1096	1206575	1543140
1097	1207772	1542164
1098	1209195	1541477
1099	1210333	1540424
1100	1211880	1539891
1101	1213084	1538921
1102	1214631	1538386
1103	1215808	1537381
1104	1217265	1536728
1105	1218269	1535504
1106	1219750	1534879
1107	1220771	1533676
1108	1222286	1533092
1109	1223393	1531997
1110	1224851	1531339
1111	1225933	1530212
1112	1227204	1529319
1113	1228342	1528261
1114	1229754	1527542
1115	1230874	1526460
1116	1232214	1525650
1117	1233439	1524698
1118	1234707	1523799
1119	1235897	1522802
1120	1237056	1521767
1121	1238452	1521022
1122	1239537	1519895
1123	1241088	1519339
1124	1242130	1518159
1125	1243602	1517503
1126	1244715	1516410
1127	1246178	1515741
1128	1247288	1514643
1129	1248726	1513942
1130	1249880	1512897
1131	1251290	1512159
1132	1252420	1511084
1133	1253628	1510102
1134	1255003	1509321
1135	1256200	1508325
1136	1257527	1507484
1137	1258705	1506464
1138	1260268	1505904
1139	1261347	1504765
1140	1262853	1504135
1141	1263864	1502914
1142	1265344	1502250
1143	1266426	1501114
1144	1267904	1500445
1145	1269007	1499333
1146	1270441	1498611
1147	1271544	1497498
1148	1273139	1496963
1149	1274147	1495737
1150	1275596	1495029
1151	1276696	1493912
1152	1278233	1493304
1153	1279320	1492171
1154	1280625	1491290
1155	1281792	1490249
1156	1283070	1489337
1157	1284262	1488325
1158	1285696	1487591
1159	1286931	1486627
1160	1288212	1485716
1161	1289412	1484711
1162	1290623	1483717
1163	1291905	1482805
1164	1292922	1481589
1165	1294333	1480824
1166	1295438	1479708
1167	1296891	1478989
1168	1298062	1477948
1169	1299488	1477196
1170	1300575	1476058
1171	1302147	1475471
1172	1303184	1474275
1173	1304720	1473644
1174	1305826	1472527
1175	1307375	1471908
1176	1308457	1470764
1177	1309776	1469884
1178	1311013	1468912
1179	1312511	1468233
1180	1313610	1467106
1181	1315030	1466336
1182	1316153	1465236
1183	1317596	1464490
1184	1318684	1463350
1185	1320169	1462649
1186	1321288	1461543
1187	1322784	1460852
1188	1323856	1459693
1189	1325297	1458940
1190	1326457	1457877
1191	1327791	1457006
1192	1329007	1456004
1193	1330368	1455160
1194	1331594	1454167
1195	1332829	1453185
1196	1334090	1452230
1197	1335372	1451298
1198	1336610	1450316
1199	1337702	1449177
1200	1339298	1448583
1201	1340357	1447408
1202	1341887	1446739
1203	1342939	1445556
1204	1344399	1444811
1205	1345529	1443710
1206	1346997	1442972
1207	1348086	1441827
1208	1349590	1441125
1209	1350635	1439933
1210	1352239	1439336
1211	1353299	1438159
1212	1354729	1437375
1213	1355831	1436243
1214	1357227	1435422
1215	1358403	1434366
1216	1359910	1433661
1217	1360960	1432472
1218	1362383	1431676
1219	1363476	1430532
1220	1364830	1429662
1221	1366067	1428669
1222	1367462	1427840
1223	1368689	1426836
1224	1369779	1425688
1225	1371104	1424785
1226	1372196	1423640
1227	1373641	1422860
1228	1374737	1421717
1229	1376191	1420945
1230	1377303	1419820
1231	1378850	1419142
1232	1379939	1417991
1233	1381415	1417238
1234	1382486	1416069
1235	1384038	1415392
1236	1385107	1414220
1237	1386638	1413520
1238	1387720	1412361
1239	1389202	1411609
1240	1390252	1410417
1241	1391593	1409520
1242	1392683	1408369
1243	1394112	1407560
1244	1395288	1406495
1245	1396655	1405622
1246	1397858	1404584
1247	1399188	1403673
1248	1400454	1402697
1249	1401783	1401783
1250	1403035	1400792
1251	1404226	1399740
1252	1405600	1398870
1253	1406711	1397736
1254	1408161	1396940
1255	1409265	1395800
1256	1410675	1394963
1257	1411694	1393740
1258	1413188	1392984
1259	1414264	1391815
1260	1415762	1391062
1261	1416830	1389885
1262	1418295	1389098
1263	1419451	1388008
1264	1420906	1387208
1265	1422041	1386097
1266	1423376	1385180
1267	1424595	1384150
1268	1425866	1383169
1269	1427192	1382241
1270	1428533	1381327
1271	1429778	1380320
1272	1431092	1379379
1273	1432389	1378421
1274	1433661	1377439
1275	1435055	1376573
1276	1436263	1375528
1277	1437628	1374633
1278	1438840	1373591
1279	1440161	1372654
1280	1441397	1371634
1281	1442798	1370771
1282	1443980	1369699
1283	1445319	1368776
1284	1446503	1367705
1285	1447901	1366837
1286	1448986	1365672
1287	1450518	1364929
1288	1451597	1363758
1289	1453243	1363119
1290	1454395	1362016
1291	1455948	1361288
1292	1457068	1360155
1293	1458606	1359412
1294	1459679	1358234
1295	1461292	1357558
1296	1462440	1356450
1297	1463977	1355701
1298	1465053	1354526
1299	1466548	1353737
1300	1467587	1352526
1301	1469040	1351697
1302	1470067	1350476
1303	1471563	1349685
1304	1472689	1348554
1305	1474205	1347780
1306	1475389	1346702
1307	1476838	1345865
1308	1478011	1344775
1309	1479478	1343953
1310	1480638	1342852
1311	1481979	1341914
1312	1483160	1340831
1313	1484636	1340014
1314	1485823	1338935
1315	1487214	1338040
1316	1488365	1336929
1317	1489823	1336093
1318	1490984	1334990
1319	1492235	1333968
1320	1493574	1333023
1321	1495004	1332160
1322	1496237	1331119
1323	1497457	1330068
1324	1498837	1329157
1325	1500027	1328078
1326	1501362	1327127
1327	1502425	1325936
1328	1503892	1325100
1329	1505078	1324016
1330	1506387	1323040
1331	1507510	1321900
1332	1509011	1321092
1333	1510111	1319932
1334	1511558	1319075
1335	1512592	1317857
1336	1514032	1316993
1337	1515074	1315782
1338	1516586	1314978
1339	1517580	1313726
1340	1519077	1312909
1341	1520150	1311724
1342	1521503	1310781
1343	1522680	1309686
1344	1523873	1308605
1345	1525152	1307597
1346	1526235	1306421
1347	1527622	1305505
1348	1528812	1304420
1349	1530232	1303531
1350	1531326	1302364
1351	1532857	1301568
1352	1533959	1300407
1353	1535497	1299615
1354	1536586	1298443
1355	1538204	1297718
1356	1539343	1296587
1357	1540816	1295738
1358	1541944	1294597
1359	1543457	1293780
1360	1544692	1292729
1361	1546089	1291813
1362	1547151	1290617
1363	1548723	1289845
1364	1549841	1288695
1365	1551422	1287930
1366	1552510	1286755
1367	1554124	1286014
1368	1555332	1284938
1369	1556838	1284107
1370	1557896	1282906
1371	1559433	1282099
1372	1560489	1280896
1373	1562000	1280067
1374	1563002	1278820
1375	1564415	1277909
1376	1565566	1276783
1377	1566799	1275725
1378	1568079	1274703
1379	1569303	1273637
1380	1570557	1272595
1381	1571765	1271515
1382	1573105	1270541
1383	1574291	1269442
1384	1575590	1268436
1385	1576705	1267280
1386	1578301	1266510
1387	1579469	1265396
1388	1580793	1264407
1389	1581853	1263206
1390	1583437	1262424
1391	1584689	1261376
1392	1586093	1260449
1393	1587244	1259320
1394	1588634	1258380
1395	1589730	1257208
1396	1591424	1256507
1397	1592453	1255281
1398	1594146	1254578
1399	1595295	1253446
1400	1596767	1252567
1401	1597734	1251292
1402	1599228	1250430
1403	1600348	1249274
1404	1601810	1248386
1405	1602943	1247240
1406	1604440	1246377
1407	1605425	1245116
1408	1606907	1244241
1409	1607925	1243006
1410	1609476	1242182
1411	1610664	1241078
1412	1612004	1240091
1413	1613298	1239067
1414	1614819	1238218
1415	1615949	1237068
1416	1617521	1236256
1417	1618747	1235179
1418	1620204	1234278
1419	1621337	1233129
1420	1622782	1232218
1421	1623976	1231115
1422	1625435	1230213
1423	1626662	1229135
1424	1628017	1228153
1425	1629109	1226972
1426	1630237	1225819
1427	1631485	1224756
1428	1632604	1223596
1429	1634023	1222660
1430	1635092	1221462
1431	1636685	1220656
1432	1637785	1219481
1433	1639318	1218628
1434	1640469	1217490
1435	1641935	1216587
1436	1643122	1215476
1437	1644514	1214516
1438	1645623	1213347
1439	1647250	1212559
1440	1648237	1211300
1441	1649653	1210356
1442	1650725	1209159
1443	1652231	1208280
1444	1653321	1207096
1445	1654968	1206318
1446	1656009	1205099
1447	1657407	1204138
1448	1658510	1202963
1449	1659885	1201986
1450	1661082	1200879
1451	1662380	1199844
1452	1663635	1198779
1453	1665104	1197867
1454	1666366	1196806
1455	1667690	1195788
1456	1668908	1194695
1457	1670211	1193662
1458	1671378	1192532
1459	1672615	1191452
1460	1674012	1190485
1461	1675259	1189411
1462	1676768	1188522
1463	1677927	1187385
1464	1679354	1186438
1465	1680656	1185401
1466	1681994	1184390
1467	1683128	1183234
1468	1684670	1182365
1469	1685801	1181207
1470	1687200	1180237
1471	1688267	1179034
1472	1689807	1178162
1473	1690885	1176966
1474	1692437	1176100
1475	1693548	1174928
1476	1695070	1174039
1477	1696183	1172868
1478	1697771	1172025
1479	1698903	1170866
1480	1700444	1169988
1481	1701493	1168772
1482	1703153	1167975
1483	1704084	1166678
1484	1705619	1165793
1485	1706749	1164632
1486	1708300	1163758
1487	1709411	1162583
1488	1710909	1161671
1489	1712048	1160516
1490	1713570	1159619
1491	1714567	1158366
1492	1716032	1157431
1493	1717172	1156275
1494	1718826	1155465
1495	1719898	1154263
1496	1721503	1153418
1497	1722573	1152215
1498	1724147	1151348
1499	1725232	1150155
1500	1726668	1149194
1501	1727727	1147984
1502	1729345	1147144
1503	1730447	1145961
1504	1731980	1145063
1505	1733071	1143873
1506	1734598	1142970
1507	1735634	1141743
1508	1737043	1140762
1509	1738235	1139637
1510	1739749	1138724
1511	1740848	1137538
1512	1742379	1136635
1513	1743435	1135420
1514	1744922	1134487
1515	1746105	1133355
1516	1747487	1132353
1517	1748521	1131125
1518	1749815	1130064
1519	1751078	1128984
1520	1752058	1127721
1521	1753389	1126685
1522	1754456	1125478
1523	1755951	1124546
1524	1757111	1123398
1525	1758586	1122452
1526	1759659	1121250
1527	1761101	1120281
1528	1762088	1119024
1529	1763464	1118013
1530	1764673	1116896
1531	1766192	1115975
1532	1767285	1114784
1533	1768820	1113872
1534	1769947	1112702
1535	1771401	1111739
1536	1772501	1110552
1537	1773964	1109593
1538	1775170	1108472
1539	1776741	1107579
1540	1777926	1106444
1541	1779310	1105434
1542	1780413	1104248
1543	1781784	1103229
1544	1783055	1102147
1545	1784365	1101089
1546	1785581	1099973
1547	1786826	1098875
1548	1788151	1097825
1549	1789311	1096674
1550	1790636	1095624
1551	1791856	1094509
1552	1793185	1093461
1553	1794273	1092266
1554	1795839	1091362
1555	1796904	1090152
1556	1798487	1089257
1557	1799646	1088104
1558	1801046	1087097
1559	1802168	1085922
1560	1803741	1085018
1561	1804926	1083880
1562	1806609	1083040
1563	1807806	1081909
1564	1809214	1080904
1565	1810302	1079708
1566	1811897	1078812
1567	1813064	1077663
1568	1814482	1076662
1569	1815578	1075469
1570	1817129	1074546
1571	1818203	1073341
1572	1819829	1072461
1573	1820957	1071287
1574	1822633	1070435
1575	1823730	1069243
1576	1825187	1068261
1577	1826299	1067077
1578	1827803	1066122
1579	1828984	1064978
1580	1830451	1064000
1581	1831682	1062885
1582	1833162	1061914
1583	1834315	1060753
1584	1835852	1059813
1585	1836999	1058648
1586	1838472	1057672
1587	1839688	1056546
1588	1841217	1055600
1589	1842386	1054447
1590	1843888	1053484
1591	1845151	1052385
1592	1846653	1051421
1593	1847832	1050273
1594	1849281	1049278
1595	1850516	1048162
1596	1851924	1047143
1597	1852992	1045932
1598	1854471	1044952
1599	1855787	1043880
1600	1857189	1042856
1601	1858381	1041714
1602	1859801	1040700
1603	1861015	1039569
1604	1862382	1038524
1605	1863595	1037393
1606	1865003	1036371
1607	1866192	1035226
1608	1867619	1034212
1609	1868834	1033082
1610	1870348	1032116
1611	1871675	1031046
1612	1873148	1030057
1613	1874351	1028919
1614	1875675	1027847
1615	1876816	1026674
1616	1878300	1025688
1617	1879399	1024493
1618	1880894	1023513
1619	1881990	1022316
1620	1883544	1021366
1621	1884669	1020184
1622	1886231	1019239
1623	1887389	1018074
1624	1888936	1017119
1625	1890050	1015931
1626	1891613	1014983
1627	1892797	1013832
1628	1894332	1012868
1629	1895535	1011727
1630	1896970	1010709
1631	1898175	1009569
1632	1899603	1008546
1633	1900797	1007399
1634	1902170	1006347
1635	1903403	1005220
1636	1904903	1004234
1637	1906123	1003100
1638	1907521	1002059
1639	1908707	1000907
1640	1910208	999920
1641	1911112	998620
1642	1912547	997597
1643	1913574	996362
1644	1915026	995347
1645	1916148	994161
1646	1917399	993042
1647	1918710	991954
1648	1920238	990978
1649	1921398	989811
1650	1922811	988774
1651	1924126	987687
1652	1925583	986672
1653	1926852	985560
1654	1928298	984538
1655	1929403	983343
1656	1930788	982290
1657	1932006	981151
1658	1933436	980120
1659	1934644	978976
1660	1936122	977968
1661	1937405	976862
1662	1938755	975789
1663	1940000	974663
1664	1941534	973682
1665	1942908	972620
1666	1944318	971576
1667	1945542	970438
1668	1947165	969499
1669	1948314	968323
1670	1949800	967315
1671	1951008	966169
1672	1952578	965201
1673	1953700	964012
1674	1955185	963002
1675	1956292	961804
1676	1957832	960820
1677	1958934	959621
1678	1960518	958657
1679	1961683	957488
1680	1963362	956569
1681	1964478	955376
1682	1965980	954370
1683	1967174	953215
1684	1968606	952174
1685	1969888	951061
1686	1971358	950038
1687	1972660	948933
1688	1974172	947930
1689	1975384	946781
1690	1976957	945806
1691	1978227	944685
1692	1979641	943632
1693	1980904	942508
1694	1982311	941451
1695	1983405	940246
1696	1984827	939196
1697	1986007	938031
1698	1987540	937033
1699	1988776	935894
1700	1990293	934887
1701	1991468	933720
1702	1992593	932529
1703	1993694	931326
1704	1995224	930324
1705	1996305	929112
1706	1997954	928165
1707	1999080	926974
1708	2000675	926000
1709	2001954	924879
1710	2003537	923899
1711	2004789	922765
1712	2006318	921758
1713	2007527	920604
1714	2008930	919539
1715	2010169	918398
1716	2011598	917344
1717	2012778	916177
1718	2014165	915103
1719	2015437	913977
1720	2016915	912944
1721	2018100	911778
1722	2019516	910716
1723	2020748	909571
1724	2022080	908470
1725	2023273	907307
1726	2024708	906253
1727	2025822	905054
1728	2027315	904025
1729	2028392	902810
1730	2029906	901789
1731	2031023	900592
1732	2032605	899600
1733	2033774	898426
1734	2035362	897436
1735	2036695	896333
1736	2038139	895279
1737	2039443	894163
1738	2040822	893080
1739	2042105	891954
1740	2043490	890872
1741	2044772	889746
1742	2046124	888649
1743	2047548	887584
1744	2048855	886467
1745	2050334	885424
1746	2051584	884283
1747	2053099	883255
1748	2054280	882084
1749	2055596	880969
1750	2056875	879840
1751	2058349	878792
1752	2059520	877616
1753	2060818	876494
1754	2062149	875385
1755	2063771	874399
1756	2065008	873250
1757	2066523	872218
1758	2067817	871093
1759	2069336	870061
1760	2070575	868912
1761	2072108	867886
1762	2073306	866719
1763	2074747	865654
1764	2075923	864478
1765	2077484	863462
1766	2078675	862291
1767	2080213	861264
1768	2081245	860028
1769	2082765	858993
1770	2083992	857837
1771	2085671	856867
1772	2086870	855699
1773	2088073	854532
1774	2089226	853345
1775	2090875	852361
1776	2091856	851104
1777	2093338	850050
1778	2094495	848865
1779	2096139	847876
1780	2097287	846687
1781	2098982	845717
1782	2100179	844547
1783	2101677	843498
1784	2102879	842329
1785	2104302	841249
1786	2105524	840089
1787	2106887	838984
1788	2108131	837831
1789	2109751	836828
1790	2110962	835663
1791	2112316	834553
1792	2113482	833369
1793	2114930	832296
1794	2116282	831185
1795	2117676	830091
1796	2118966	828955
1797	2120296	827835
1798	2121621	826713
1799	2123053	825631
1800	2124290	824474
1801	2125653	823366
1802	2127004	822252
1803	2128295	821116
1804	2129588	819980
1805	2130920	818858
1806	2132373	817783
1807	2133743	816676
1808	2135090	815559
1809	2136439	814443
1810	2137909	813373
1811	2139144	812213
1812	2140566	811124
1813	2141778	809955
1814	2143264	808890
1815	2144529	807741
1816	2146053	806689
1817	2147185	805489
1818	2148673	804423
1819	2149816	803228
1820	2151154	802105
1821	2152428	800958
1822	2153870	799874
1823	2155143	798726
1824	2156467	797597
1825	2157694	796432
1826	2159188	795365
1827	2160333	794170
1828	2161632	793031
1829	2162915	791887
1830	2164498	790851
1831	2165818	789719
1832	2167257	788631
1833	2168619	787513
1834	2170105	786441
1835	2171371	785289
1836	2172846	784211
1837	2174006	783020
1838	2175642	782000
1839	2176744	780788
1840	2178456	779795
1841	2179722	778641
1842	2181248	777580
1843	2182537	776434
1844	2183997	775348
1845	2185349	774224
1846	2186644	773079
1847	2187916	771927
1848	2189326	770822
1849	2190676	769697
1850	2192067	768585
1851	2193475	767479
1852	2194723	766317
1853	2196242	765249
1854	2197425	764064
1855	2198667	762899
1856	2200062	761788
1857	2201370	760645
1858	2202777	759537
1859	2204089	758396
1860	2205436	757266
1861	2206811	756146
1862	2208122	755004
1863	2209574	753910
1864	2210848	752755
1865	2212322	751668
1866	2213499	750479
1867	2214883	749361
1868	2216159	748205
1869	2217645	747121
1870	2218833	745935
1871	2220445	744892
1872	2221602	743697
1873	2223091	742612
1874	2224291	741430
1875	2225881	740378
1876	2227085	739197
1877	2228794	738184
1878	2229935	736982
1879	2231485	735915
1880	2232667	734726
1881	2234202	733654
1882	2235351	732454
1883	2236897	731384
1884	2238159	730221
1885	2239507	729086
1886	2240663	727888
1887	2242190	726811
1888	2243432	725641
1889	2244896	724543
1890	2246153	723377
1891	2247578	722266
1892	2248814	721093
1893	2250199	719968
1894	2251480	718810
1895	2252853	717681
1896	2254119	716517
1897	2255430	715368
1898	2256705	714207
1899	2258098	713083
1900	2259473	711954
1901	2260913	710844
1902	2262173	709678
1903	2263600	708563
1904	2264890	707406
1905	2266284	706281
1906	2267513	705105
1907	2268945	703991
1908	2270339	702865
1909	2271688	701725
1910	2273068	700595
1911	2274398	699449
1912	2275793	698322
1913	2277085	697164
1914	2278471	696034
1915	2279759	694874
1916	2281213	693764
1917	2282570	692625
1918	2284058	691525
1919	2285286	690347
1920	2286762	689242
1921	2287902	688037
1922	2289498	686968
1923	2290649	685766
1924	2292238	684694
1925	2293431	683504
1926	2295037	682437
1927	2296192	681235
1928	2297760	680156
1929	2298936	678960
1930	2300412	677853
1931	2301619	676666
1932	2303120	675565
1933	2304225	674349
1934	2305821	673275
1935	2307032	672089
1936	2308562	670996
1937	2309792	669815
1938	2311138	668668
1939	2312481	667520
1940	2313896	666392
1941	2315132	665213
1942	2316548	664085
1943	2317816	662914
1944	2319202	661777
1945	2320509	660617
1946	2321825	659460
1947	2323188	658316
1948	2324621	657191
1949	2325786	655990
1950	2327190	654857
1951	2328632	653734
1952	2329964	652581
1953	2331258	651416
1954	2332696	650291
1955	2334170	649176
1956	2335436	648003
1957	2336785	646852
1958	2338102	645693
1959	2339583	644579
1960	2340844	643404
1961	2342262	642271
1962	2343432	641071
1963	2344972	639972
1964	2346207	638789
1965	2347701	637676
1966	2348852	636471
1967	2350429	635380
1968	2351661	634196
1969	2353250	633107
1970	2354480	631922
1971	2356073	630835
1972	2357164	629612
1973	2358698	628508
1974	2359958	627330
1975	2361563	626244
1976	2362750	625047
1977	2364263	623935
1978	2365460	622741
1979	2367019	621641
1980	2368202	620442
1981	2369725	619332
1982	2370946	618144
1983	2372319	616994
1984	2373446	615780
1985	2374990	614675
1986	2376212	613486
1987	2377619	612344
1988	2378872	611163
1989	2380282	610022
1990	2381494	608830
1991	2382893	607685
1992	2384126	606498
1993	2385509	605350
1994	2386770	604170
1995	2388262	603048
1996	2389374	601830
1997	2390864	600707
1998	2392018	599500
1999	2393637	598409
2000	2394865	597220
2001	2396485	596128
2002	2397750	594948
2003	2399197	593813
2004	2400374	592611
2005	2401789	591467
2006	2403065	590289
2007	2404482	589146
2008	2405712	587956
2009	2407179	586824
2010	2408335	585617
2011	2409730	584467
2012	2410873	583256
2013	2412462	582153
2014	2413789	580986
2015	2415226	579846
2016	2416626	578696
2017	2417815	577495
2018	2419117	576322
2019	2420409	575146
2020	2421578	573941
2021	2423097	572819
2022	2424294	571620
2023	2425743	570481
2024	2426924	569278
2025	2428233	568105
2026	2429476	566917
2027	2430871	565764
2028	2432037	564558
2029	2433580	563439
2030	2434792	562244
2031	2436241	561102
2032	2437447	559905
2033	2438764	558733
2034	2440071	557559
2035	2441418	556393
2036	2442689	555211
2037	2444160	554073
2038	2445494	552904
2039	2446767	551722
2040	2447941	550517
2041	2449340	549362
2042	2450629	548182
2043	2452078	547038
2044	2453489	545886
2045	2454918	544737
2046	2456173	543549
2047	2457607	542401
2048	2458889	541219
2049	2460140	540030
2050	2461454	538855
2051	2462894	537707
2052	2464111	536511
2053	2465417	535334
2054	2466713	534154
2055	2468114	532997
2056	2469346	531803
2057	2470762	530649
2058	2472124	529483
2059	2473548	528330
2060	2474828	527146
2061	2476153	525972
2062	2477488	524800
2063	2478790	523620
2064	2480152	522453
2065	2481456	521274
2066	2482883	520120
2067	2484263	518956
2068	2485443	517750
2069	2486781	516577
2070	2487952	515370
2071	2489290	514197
2072	2490557	513009
2073	2491908	511838
2074	2493321	510680
2075	2494718	509518
2076	2496063	508346
2077	2497319	507155
2078	2498778	506005
2079	2500033	504814
2080	2501599	503685
2081	2502858	502495
2082	2504301	501341
2083	2505520	500142
2084	2507009	498997
2085	2508216	497795
2086	2509773	496663
2087	2510958	495457
2088	2512488	494319
2089	2513669	493112
2090	2515302	491993
2091	2516472	490784
2092	2518016	489647
2093	2519172	488435
2094	2520708	487296
2095	2521793	486070
2096	2523382	484941
2097	2524537	483729
2098	2526233	482620
2099	2527318	481394
2100	2528905	480263
2101	2530139	479065
2102	2531603	477910
2103	2532857	476716
2104	2534256	475549
2105	2535779	474405
2106	2537113	473225
2107	2538538	472062
2108	2539811	470870
2109	2541320	469722
2110	2542602	468532
2111	2544195	467399
2112	2545392	466193
2113	2546875	465039
2114	2547994	463819
2115	2549255	462624
2116	2550475	461422
2117	2551888	460255
2118	2553125	459056
2119	2554653	457909
2120	2555779	456690
2121	2557207	455525
2122	2558356	454310
2123	2559661	453122
2124	2560962	451934
2125	2562437	450776
2126	2563664	449575
2127	2565122	448414
2128	2566374	447216
2129	2567987	446082
2130	2569175	444873
2131	2570674	443718
2132	2571866	442510
2133	2573607	441396
2134	2574734	440177
2135	2576287	439030
2136	2577501	437825
2137	2579118	436688
2138	2580204	435462
2139	2581845	434329
2140	2583067	433125
2141	2584355	431932
2142	2585538	430722
2143	2586996	429557
2144	2588173	428345
2145	2589587	427173
2146	2590719	425954
2147	2592347	424816
2148	2593600	423617
2149	2595046	422449
2150	2596273	421245
2151	2597782	420087
2152	2599151	418906
2153	2600561	417731
2154	2601809	416530
2155	2603017	415323
2156	2604270	414123
2157	2605784	412964
2158	2607025	411762
2159	2608427	410585
2160	2609675	409384
2161	2611103	408211
2162	2612264	406996
2163	2613747	405831
2164	2614961	404624
2165	2616395	403451
2166	2617601	402243
2167	2619111	401081
2168	2620334	399875
2169	2621729	398696
2170	2623017	397500
2171	2624390	396316
2172	2625659	395117
2173	2627024	393932
2174	2628214	392721
2175	2629601	391539
2176	2630862	390339
2177	2632230	389154
2178	2633506	387955
2179	2634818	386762
2180	2636053	385557
2181	2637519	384386
2182	2638756	383181
2183	2640122	381995
2184	2641462	380805
2185	2642942	379635
2186	2644060	378413
2187	2645662	377260
2188	2646885	376053
2189	2648340	374879
2190	2649551	373670
2191	2650924	372483
2192	2652167	371279
2193	2653572	370097
2194	2654813	368892
2195	2656361	367729
2196	2657626	366527
2197	2659174	365364
2198	2660461	364164
2199	2661862	362981
2200	2663305	361803
2201	2664656	360612
2202	2666097	359433
2203	2667343	358227
2204	2668873	357060
2205	2670024	355841
2206	2671556	354674
2207	2672802	353468
2208	2674413	352310
2209	2675635	351101
2210	2677214	349938
2211	2678350	348718
2212	2679881	347549
2213	2680973	346322
2214	2682577	345162
2215	2683809	343953
2216	2685376	342788
2217	2686516	341567
2218	2688068	340399
2219	2689427	339207
2220	2690758	338010
2221	2692023	336805
2222	2693402	335615
2223	2694622	334404
2224	2695952	333207
2225	2697110	331989
2226	2698579	330809
2227	2699834	329602
2228	2701273	328418
2229	2702579	327218
2230	2704067	326039
2231	2705369	324838
2232	2706865	323660
2233	2708270	322470
2234	2709584	321270
2235	2711137	320098
2236	2712450	318897
2237	2713811	317702
2238	2715091	316497
2239	2716595	315319
2240	2717803	314105
2241	2719354	312931
2242	2720576	311720
2243	2722202	310554
2244	2723348	309333
2245	2724940	308163
2246	2726126	306947
2247	2727746	305779
2248	2728956	304565
2249	2730611	303401
2250	2731855	302191
2251	2733340	301007
2252	2734644	299803
2253	2735962	298601
2254	2737412	297412
2255	2738706	296207
2256	2739910	294992
2257	2741363	293804
2258	2742637	292596
2259	2744121	291411
2260	2745402	290204
2261	2746715	289000
2262	2747987	287791
2263	2749443	286602
2264	2750833	285406
2265	2752181	284205
2266	2753683	283020
2267	2754859	281802
2268	2756280	280608
2269	2757518	279396
2270	2758867	278194
2271	2760150	276986
2272	2761528	275788
2273	2762906	274589
2274	2764357	273398
2275	2765569	272182
2276	2767087	270997
2277	2768362	269787
2278	2770031	268616
2279	2771055	267382
2280	2772577	266196
2281	2773724	264974
2282	2775202	263784
2283	2776389	262565
2284	2777693	261358
2285	2778847	260137
2286	2780397	258952
2287	2781572	257733
2288	2783137	256549
2289	2784279	255326
2290	2785880	254146
2291	2786996	252921
2292	2788551	251735
2293	2789744	250517
2294	2791429	249343
2295	2792695	248131
2296	2794310	246950
2297	2795597	245740
2298	2796981	244538
2299	2798263	243327
2300	2799631	242123
2301	2801139	240932
2302	2802516	239728
2303	2803806	238518
2304	2805232	237318
2305	2806566	236111
2306	2807863	234901
2307	2809204	233694
2308	2810515	232485
2309	2811975	231288
2310	2813308	230080
2311	2814713	228878
2312	2815954	227662
2313	2817273	226453
2314	2818565	225241
2315	2819965	224038
2316	2821182	222821
2317	2822623	221621
2318	2823926	220409
2319	2825279	219202
2320	2826557	217989
2321	2828148	216800
2322	2829366	215582
2323	2830785	214379
2324	2831934	213156
2325	2833482	211963
2326	2834474	210728
2327	2835883	209524
2328	2837121	208307
2329	2838589	207107
2330	2839790	205887
2331	2841283	204689
2332	2842529	203472
2333	2843975	202270
2334	2845132	201047
2335	2846715	199855
2336	2847919	198635
2337	2849446	197438
2338	2850494	196207
2339	2852014	195009
2340	2853169	193786
2341	2854661	192586
2342	2855854	191365
2343	2857524	190176
2344	2858766	188958
2345	2860230	187755
2346	2861368	186531
2347	2862934	185334
2348	2864179	184117
2349	2865845	182926
2350	2867097	181708
2351	2868515	180501
2352	2869736	179282
2353	2871282	178082
2354	2872548	176866
2355	2873891	175653
2356	2875145	174436
2357	2876549	173227
2358	2877790	172008
2359	2879121	170795
2360	2880303	169573
2361	2881810	168369
2362	2882819	167137
2363	2884230	165928
2364	2885341	164702
2365	2887046	163509
2366	2888263	162289
2367	2889737	161083
2368	2891001	159865
2369	2892385	158654
2370	2893600	157433
2371	2895029	156224
2372	2896220	155002
2373	2897677	153794
2374	2898913	152574
2375	2900475	151371
2376	2901625	150147
2377	2903052	148937
2378	2904175	147711
2379	2905661	146503
2380	2906947	145286
2381	2908208	144067
2382	2909346	142842
2383	2910948	141640
2384	2912213	140421
2385	2913737	139214
2386	2914922	137991
2387	2916433	136784
2388	2917655	135562
2389	2919060	134350
2390	2920400	133134
2391	2921910	131925
2392	2923266	130710
2393	2924750	129500
2394	2926086	128283
2395	2927262	127059
2396	2928425	125835
2397	2929735	124617
2398	2931006	123397
2399	2932369	122182
2400	2933550	120958
2401	2935015	119746
2402	2936272	118526
2403	2937681	117311
2404	2939052	116095
2405	2940400	114878
2406	2941831	113664
2407	2943179	112447
2408	2944639	111233
2409	2945845	110010
2410	2947252	108795
2411	2948501	107573
2412	2949884	106357
2413	2951148	105136
2414	2952506	103918
2415	2953786	102697
2416	2955324	101486
2417	2956537	100263
2418	2958113	99052
2419	2959270	97827
2420	2960888	96617
2421	2962150	95395
2422	2963757	94184
2423	2964918	92959
2424	2966410	91744
2425	2967619	90520
2426	2969156	89307
2427	2970370	88083
2428	2971832	86867
2429	2973094	85644
2430	2974531	84427
2431	2976053	83212
2432	2977346	81990
2433	2978668	80769
2434	2980012	79548
2435	2981569	78333
2436	2982808	77109
2437	2984401	75895
2438	2985572	74669
2439	2987200	73455
2440	2988428	72231
2441	2990044	71016
2442	2991234	69791
2443	2992749	68573
2444	2993870	67346
2445	2995407	66129
2446	2996634	64904
2447	2998172	63686
2448	2999367	62461
2449	3000961	61244
2450	3002191	60019
2451	3003608	58798
2452	3004921	57574
2453	3006365	56354
2454	3007693	55130
2455	3009134	53909
2456	3010460	52686
2457	3011793	51462
2458	3013242	50241
2459	3014513	49016
2460	3015987	47795
2461	3017266	46570
2462	3018751	45348
2463	3019963	44122
2464	3021519	42901
2465	3022730	41675
2466	3023996	40450
2467	3025256	39225
2468	3026748	38002
2469	3028116	36778
2470	3029525	35554
2471	3030711	34328
2472	3032161	33104
2473	3033376	31878
2474	3034883	30655
2475	3036085	29428
2476	3037592	28205
2477	3038758	26978
2478	3040318	25755
2479	3041489	24528
2480	3043055	23304
2481	3044308	22077
2482	3045807	20853
2483	3046820	19625
2484	3048409	18400
2485	3049653	17174
2486	3051129	15948
2487	3052350	14721
2488	3053976	13496
2489	3055299	12270
2490	3056765	11044
2491	3058049	9817
2492	3059457	8590
2493	3060833	7363
2494	3062130	6136
2495	3063340	4909
2496	3064891	3682
2497	3066373	2455
2498	3067548	1227
2499	3068832	0
